"–£√¶–ª–¥–∞–π–¥√¶—Ä, –¥√¶—Ö–∏ —Ü√¶—Ä–≥√¶—Å –∫—É—ã –Ω—Ö—ä√¶–ª–∞–π, –∏—Å–∫√¶–π —Ç–∞ –±—ã–Ω–¥–∑",0
–¶√¶—Ä–≥√¶–±–æ–Ω—Ç—ã –∏–Ω–≤–∞–ª–∏–¥–º√¶ –∫√¶—Å—ã–Ω√¶–π —Ö–æ—Ä–∑√¶–π —Ü—ã –∏—Åüòâ,0
"–£—ã–¥–∏—Å –º”ï–º –∞—Ö”ï–º —á–∏–Ω—ã–≥, –∫–∞—Å—Ç”ï–Ω.",0
–•—É—ã–∑–∞–µ–π –∞–≥—É—Ä–≥–∞–µ –∫—É—ã —É—ã–¥–∞–∏—Ç),0
"–ó–æ–Ω—ã–Ω √¶–π, —Ñ√¶–ª√¶ –π√¶ –Ω√¶ —Ä–∞—Ñ√¶–ª–¥–∞—Ö–¥–∑—ã–Ω√¶–Ω: —á—ã–∑–≥ –π√¶ –±—ã–Ω—ã —Ñ√¶—É—ã–¥–∑√¶–Ω",0
"—Ü—ã √¶–Ω—Ö—ä√¶–ª–∞–π, —É—ã–π —É—ã–¥–∑—ã–Ω√¶",0
–§—ã–¥—É—ã–Ω–¥ —Ç–∞ —Ü–∞—Ö√¶–º –≤√¶–π–π—ã?,0
–ü–∏—Å—å–º–æ - –ø—ä–∏—Å—ã—Ä .,1
"–¢—ã–ø–ø—ã—Ä—Ç√¶, –¥–∞–º, —Å–µ–∫—Å—É–∞–ª—å–Ω—ã–π —Å—Ç—ã",1
–§–∞–µ—Å—Ç–∞–≥-–º–∞–µ —Ö–∞–±–∞—Ä –∞—Ö–∏—Ü–∞–Ω' —Å–∞–µ —Ö—ä–∞–±–∞—Ä —É–∞—Ä–∑—Ç–∞–µ–π',0
"–£–∞—Ä –ó–æ–Ω–¥—ã –î–∑–∏–Ω–∞–¥...!–ö–∞–º –∞—Å—Ç—ã???–ö–∞–º –∞—Å—Ç—ã ??–º–∞ —É–¥—ã –∫–æ–Ω–¥ –Ω—ã—Ñ—Ç–∞–µ...?(–ö–∞–º –ê—Ä–≥–∞ —Å—Ç—ã ,—É—ã—Ü—ã —Å—Ç—å–∞–ª—ã—Ç–∞–µ?..",0
–£—ã–π –ª–∞–≤—Ä–æ–≤—ã–π —Å—ã—Ñ—ã –∫—ä–∞–ª–∏—É —É –∞–≤–∏?,1
–ê–ª–∫√¶–π –º–∞–¥ √¶–Ω√¶–Ω–∏–∑ —É√¶–¥.,0
–†–∞—É–∞–≥—ä–¥—ã —Å–∞—Ö–∞—Ä –ß—ä—Ä–µ–±–∞,0
"–ê–¥√¶–º –¥√¶ –∞–ª–≤–∞—Ä—Å –∫—É—ã —É–æ–π, —É√¶–¥ –¥–∑—ã √¶—Ä–∑–∏–ª—ã–Ω –Ω–∞–ª —Ö—ä√¶—É—ã",0
–ë–∏—Ä–∞—Ç–∞–Ω –º–∞–Ω–¥–∞—Ä–∏–Ω—Ç–∞ –¥–∞—Ä –Ω–∏—Ü—ã —Ñ–µ—Ö—É—É—ã—Å —É—ã–¥–∑—ã—Å—Ç—ãüôàüòÅ,1
–†–∞–µ—Å—Å—É–≥—ä–¥ —á—ã–∑–≥ –º–∞–µ —Ä–∞–µ—Å—Å—É–≥—ä–¥ –Ω—ã—Ö–∞–µ—Å—Ç–∞–µ ),0
"–¢–∞–µ–≥—å–¥ –Ω–∞–º ,–ë—Ä–µ–¥–ª–∏ –ö—É–ø–ø–µ—Ä –¥–∞—Ä ,–≤—Å—Ç—É–ø–∏—Ç—å –∞—Å–∫–∞–Ω–¥–∑–∞–ΩüòÅ–∞–º–∞ –∏—É–º–∞ –Ω—ã–∑–∑–∞—Ä–¥–∑—ã—Å—Ç—ã –¶—å–æ–ª–∞–π—ã –∑–∞—Ä–∞–µ–≥üòÅ",0
–£√¶ –±–∞—Ä —É...,0
–≠–ª—å–∑”ï–π”ï–Ω —Å—Ç—ã—Ä –±—É–∑–Ω—ã–≥! –ó”ï—Ä–¥”ï–π—ã —É–∏–¥”ï–≥—Ç”ï –±–∞–Ω–∫—ä—É—ã—Å—ã–Ω –∫”ï–Ω—ã!,0
–®–∞–µ–º–∞–µ–π –Ω–∞–ª —É –¥–∞–µ –±–æ–Ω üòú,0
"–ú”ï –∫”ï–¥ –Ω–∏—á–∏ ”ï–Ω—Ö—ä”ï–ª–º”ï –∫”ï—Å—ã, —É”ï–¥ –∏—Å —Ç–∞–≥—ä–¥ —à”ï—É”ï–Ω, –Ω”ï?)",0
–ì”ï—Å—Ç”ï–Ω—ã —ç–ª–µ–≥–∏ –∫”ï—Å–≥”ï–π”ï –º–∞-–∏—É –∞–≤—Ç–æ–±—É—Å—ã –¥”ï—Ä –º”ï –∑”ï—Ä–¥”ï —Å—É—ã–Ω–≥”ï–≥.,1
–∞–Ω–∞—Å–∞—Ä —Ö–∞—Ä–∞–≥–∏–º–∞ –¥–∞—Ä –Ω–∏—Ü—ã —Ä–∞—É–∞–π–¥–∑–∞–Ω,0
–ê—Ö√¶–º –∞–¥√¶–π–º–∞–≥ –º–∞—Å—Ç—ã –∞—Ä–≥—ä –Ω√¶—É,0
"–ï—Ä —Ç–∞ –∫”ï–º”ï–π –Ω”ï –±–æ–Ω —É —Ä–∞–ø–ø”ï–ª—ã–Ω? –¶—ã–¥”ï—Ä ""–±–æ—Ä–µ—Ü—Ç”ï"" ”ï–º”ï –∞–ª—ã—Ö—É—ã–∑–æ–Ω ”ï—Å—Ç—ä”ï—Ä–¥ –±–∏–±–∏–∞–¥”ï–º.",0
"–ú√¶ –Ω—ã—Ö√¶—Å—Ç√¶ ,,–¥–∑√¶–≥—ä√¶–ª"" —Å—Ç—ã?",0
"–¶√¶—Å—Ç—Ü—É—Ö –∫—É—ã —É–∞–π, —É√¶–¥ —Ü–∞—Å—Ñ√¶–Ω–¥—ã –∫√¶—Å",0
–∞–¥√¶–º –¥√¶—Ä –∞—Ñ—Ç√¶ –∫—É—ã —É–∞–∏–∫–∫–æ–π,0
–ò—Ç—Ç–∞–≥ —Ä–∞—Å—Çüòä,0
–ë√¶–≥—É—ã–¥√¶—Äüëçüèª,0
–†–∞—Å—Ç —É!,0
–ê–∑–¥–∞—Ä –±–∞—Ä–≥–∞ —É–∞—Ä–∑–∏–Ω —Ñ–∞–ª–∞ –∫–∞–π,0
"–ß—ã–∑–¥–∂—ã—Ç√¶–º –±√¶–ª–ª—ã–Ω, —Ñ√¶–ª√¶ –Ω–∏—á–∏ –º√¶–º —Ñ—ã—Å—Å—ã 
 
–¢–∞–ª—ã–Ω–≥ –Ω–∞–ª –∫√¶–Ω—ã –º√¶ –±–æ–Ω 
 
–ö√¶–º √¶—Å—Å–∞—Ä–æ–Ω –∏—É –≥√¶–±–æ? 
 
–ù—ã—Ä –º√¶–º –∞–ª—á–∏–¥√¶—Ä —Ö—ä—É—Å—ã 
 
–ó–∞—Ä—ã–Ω, –∑–∞—Ä–¥–∂—ã—Ç√¶ –º—ã—Å—ã–Ω 
 
–§√¶—Ç√¶—Ä–∏–≥—ä√¶–¥ –º–∞ –º—ã–Ω –∫√¶–Ω 
 
–†—É—Å—Ç√¶ —Å—ã—Ä—Ö, —Ç√¶—Ä–≥–∞–π —Ñ√¶–¥√¶–Ω –¥√¶—É —Ç—ã—Ö—Ö√¶–π 
 
–ß—ã–∑–¥–∂—ã—Ç√¶–º –±√¶–ª–ª—ã–Ω, —Ñ√¶–ª√¶ –Ω–∏—á–∏ –º√¶–º —Ñ—ã—Å—Å—ã 
 
–¢–∞–ª—ã–Ω–≥ –Ω–∞–ª –∫√¶–Ω—ã –º√¶ –±–æ–Ω 
 
–ö√¶–º √¶—Å—Å–∞—Ä–æ–Ω –∏—É –≥√¶–±–æ? 
 
–ù—ã—Ä –º√¶–º –∞–ª—á–∏–¥√¶—Ä —Ö—ä—É—Å—ã 
 
–ó–∞—Ä—ã–Ω, –∑–∞—Ä–¥–∂—ã—Ç√¶ –º—ã—Å—ã–Ω 
 
–§√¶—Ç√¶—Ä–∏–≥—ä√¶–¥ –º–∞ –º—ã–Ω –∫√¶–Ω 
 
–†—É—Å—Ç√¶ —Å—ã—Ä—Ö, —Ç√¶—Ä–≥–∞–π —Ñ√¶–¥√¶–Ω –¥√¶—É —Ç—ã—Ö—Ö√¶–π 
 
–¶√¶—Å—Ç—ã—Ç√¶ √¶—Ö–∫√¶–¥, –º√¶ –∞—Ä–≥—ä —Ü—ã —É, —Ü—ã –ø–∞–π–¥–∞ —Å—ã–Ω –º√¶–Ω√¶–π? 
 
–î–∞—Ä—ã–Ω –∑√¶—Ä–¥√¶ –≥–æ–º√¶–π, —Ä—ã–Ω—á—ã–Ω —Å√¶—Ä —Ö—ä√¶—Ä—Ç√¶ –∫√¶–Ω—ã. 
 
–¶√¶–º√¶–π –∫–æ–Ω–¥ —É –∞–¥√¶–π–º–∞–¥–∂—ã —Å–∞–≥—ä√¶—Å? 
 
–ú√¶—Ç—ã –ª–µ–Ω–∫ –∫√¶–Ω—ã–Ω. 
 
–ú√¶—Ç√¶–π –Ω–∏—Ü—ã –ø–∞–π–¥–∞ –∏—Å, —Ñ√¶–ª√¶ —É√¶–¥–¥√¶—Ä —Ä√¶—Å—Ç√¶–≥ —Ö–∞—Ä—Ü –∫√¶–Ω—ã–Ω 
 
–ú—ã–π–π–∞–≥ —Ç–∞ —Ñ√¶—Ä√¶–¥—ã–¥—Ç√¶–Ω? 
 
(–¥√¶—É —Ç—ã—Ö—Ö√¶–π, –¥√¶—É —Ç—ã—Ö—Ö√¶–π) 
 
√Ü—Ä—ã–∑–¥√¶—Ö–æ–Ω —Å–∞—É —Ñ—ã–Ω–∫√¶–π? 
 
(—Å–∞—É —Ñ—ã–Ω–∫√¶–π, –¥√¶—É —Ç—ã—Ö—Ö√¶–π) 
 
–ú√¶–Ω–º√¶ –≥√¶—Å–≥√¶ —Ñ√¶—Ä√¶–¥—ã–¥—Ç√¶–Ω 
 
(–∫√¶–π —Ç—ã—Ö—Ö√¶–π? —Ü√¶–π —Ç—ã—Ö—Ö√¶–π?) 
 
–ß–∏ –º—ã–Ω —Ü—ã —Ö—ä—É–∞–º√¶ –±–∞—Ü–∞–º–æ–Ω–∞? 
 
(–Ω–æ–≥√¶–π —Ç–∞) 
 
–ß—ã–∑–¥–∂—ã—Ç√¶–º –±√¶–ª–ª—ã–Ω, —Ñ√¶–ª√¶ –Ω–∏—á–∏ –º√¶–º —Ñ—ã—Å—Å—ã 
 
–¢–∞–ª—ã–Ω–≥ –Ω–∞–ª –∫√¶–Ω—ã –º√¶ –±–æ–Ω 
 
–ö√¶–º √¶—Å—Å–∞—Ä–æ–Ω –∏—É –≥√¶–±–æ? 
 
–ù—ã—Ä –º√¶–º –∞–ª—á–∏–¥√¶—Ä —Ö—ä—É—Å—ã 
 
–ó–∞—Ä—ã–Ω, –∑–∞—Ä–¥–∂—ã—Ç√¶ –º—ã—Å—ã–Ω 
 
–§√¶—Ç√¶—Ä–∏–≥—ä√¶–¥ –º–∞ –º—ã–Ω –∫√¶–Ω 
 
–†—É—Å—Ç√¶ —Å—ã—Ä—Ö, —Ç√¶—Ä–≥–∞–π —Ñ√¶–¥√¶–Ω –¥√¶—É —Ç—ã—Ö—Ö√¶–π 
 
–ß—ã–∑–¥–∂—ã—Ç√¶–º –±√¶–ª–ª—ã–Ω, —Ñ√¶–ª√¶ –Ω–∏—á–∏ –º√¶–º —Ñ—ã—Å—Å—ã 
 
–¢–∞–ª—ã–Ω–≥ –Ω–∞–ª –∫√¶–Ω—ã –º√¶ –±–æ–Ω 
 
–ö√¶–º √¶—Å—Å–∞—Ä–æ–Ω –∏—É –≥√¶–±–æ? 
 
–ù—ã—Ä –º√¶–º –∞–ª—á–∏–¥√¶—Ä —Ö—ä—É—Å—ã 
 
–ó–∞—Ä—ã–Ω, –∑–∞—Ä–¥–∂—ã—Ç√¶ –º—ã—Å—ã–Ω 
 
–§√¶—Ç√¶—Ä–∏–≥—ä√¶–¥ –º–∞ –º—ã–Ω –∫√¶–Ω 
 
–†—É—Å—Ç√¶ —Å—ã—Ä—Ö, —Ç√¶—Ä–≥–∞–π —Ñ√¶–¥√¶–Ω –¥√¶—É —Ç—ã—Ö—Ö√¶–π 
 
–ú—ã–π–π–∞–≥ —Ç–∞ —Ñ√¶—Ä√¶–¥—ã–¥—Ç√¶–Ω? 
 
(–¥√¶—É —Ç—ã—Ö—Ö√¶–π, –¥√¶—É —Ç—ã—Ö—Ö√¶–π) 
 
√Ü—Ä—ã–∑–¥√¶—Ö–æ–Ω —Å–∞—É —Ñ—ã–Ω–∫√¶–π? 
 
(—Å–∞—É —Ñ—ã–Ω–∫√¶–π, –¥√¶—É —Ç—ã—Ö—Ö√¶–π) 
 
–ú√¶–Ω–º√¶ –≥√¶—Å–≥√¶ —Ñ√¶—Ä√¶–¥—ã–¥—Ç√¶–Ω 
 
(–∫√¶–π —Ç—ã—Ö—Ö√¶–π? —Ü√¶–π —Ç—ã—Ö—Ö√¶–π?) 
 
–ß–∏ –º—ã–Ω —Ü—ã —Ö—ä—É–∞–º√¶ –±–∞—Ü–∞–º–æ–Ω–∞? 
 
–ß—ã–∑–¥–∂—ã—Ç√¶–º –±√¶–ª–ª—ã–Ω, —Ñ√¶–ª√¶ –Ω–∏—á–∏ –º√¶–º —Ñ—ã—Å—Å—ã 
 
–¢–∞–ª—ã–Ω–≥ –Ω–∞–ª –∫√¶–Ω—ã –º√¶ –±–æ–Ω 
 
–ö√¶–º √¶—Å—Å–∞—Ä–æ–Ω –∏—É –≥√¶–±–æ? 
 
–ù—ã—Ä –º√¶–º –∞–ª—á–∏–¥√¶—Ä —Ö—ä—É—Å—ã 
 
–ó–∞—Ä—ã–Ω, –∑–∞—Ä–¥–∂—ã—Ç√¶ –º—ã—Å—ã–Ω 
 
–§√¶—Ç√¶—Ä–∏–≥—ä√¶–¥ –º–∞ –º—ã–Ω –∫√¶–Ω 
 
–†—É—Å—Ç√¶ —Å—ã—Ä—Ö, —Ç√¶—Ä–≥–∞–π —Ñ√¶–¥√¶–Ω –¥√¶—É —Ç—ã—Ö—Ö√¶–π 
 
–ß—ã–∑–¥–∂—ã—Ç√¶–º –±√¶–ª–ª—ã–Ω, —Ñ√¶–ª√¶ –Ω–∏—á–∏ –º√¶–º —Ñ—ã—Å—Å—ã 
 
–¢–∞–ª—ã–Ω–≥ –Ω–∞–ª –∫√¶–Ω—ã –º√¶ –±–æ–Ω 
 
–ö√¶–º √¶—Å—Å–∞—Ä–æ–Ω –∏—É –≥√¶–±–æ? 
 
–ù—ã—Ä –º√¶–º –∞–ª—á–∏–¥√¶—Ä —Ö—ä—É—Å—ã 
 
–ó–∞—Ä—ã–Ω, –∑–∞—Ä–¥–∂—ã—Ç√¶ –º—ã—Å—ã–Ω 
 
–§√¶—Ç√¶—Ä–∏–≥—ä√¶–¥ –º–∞ –º—ã–Ω –∫√¶–Ω 
 
–†—É—Å—Ç√¶ —Å—ã—Ä—Ö, —Ç√¶—Ä–≥–∞–π —Ñ√¶–¥√¶–Ω –¥√¶—É —Ç—ã—Ö—Ö√¶–π 
 
–ú—ã–π–π–∞–≥ —Ç–∞ —Ñ√¶—Ä√¶–¥—ã–¥—Ç√¶–Ω? 
 
(–ú—ã–π–π–∞–≥ —Ç–∞ —Ñ√¶—Ä√¶–¥—ã–¥—Ç√¶–Ω?) 
 
√Ü—Ä—ã–∑–¥√¶—Ö–æ–Ω —Å–∞—É —Ñ—ã–Ω–∫√¶–π? 
 
(√Ü—Ä—ã–∑–¥√¶—Ö–æ–Ω —Å–∞—É —Ñ—ã–Ω–∫√¶–π?) 
 
–ú√¶–Ω–º√¶ –≥√¶—Å–≥√¶ —Ñ√¶—Ä√¶–¥—ã–¥—Ç√¶–Ω 
 
(–ú√¶–Ω–º√¶ –≥√¶—Å–≥√¶ —Ñ√¶—Ä√¶–¥—ã–¥—Ç√¶–Ω) 
 
–ß–∏ –º—ã–Ω —Ü—ã —Ö—ä—É–∞–º√¶ –±–∞—Ü–∞–º–æ–Ω–∞?",0
–¢—ã–Ω–≥ —Ä–∞—Å—Ç üëç,0
–ê—Ö”ï–º –Ω—ã–≤–º”ï –≥—ã—Ü—Ü—ã–ª —Ñ”ï–ª–º”ï–Ω–¥”ï—Ä –Ω—ã—Ö”ï—Å—Ç”ï –Ω—ã—Ñ—Ñ—ã—Å”ï–Ω —É—ã–¥.,0
–£—ã—Ü—ã –Ω–∞—Ä–∞–¥–∂—ã —Ü—ã —Ñ–µ—Ä–æ—Ö –∫–æ–¥—Ç–∞!?,0
–ò—É—ã–ª –∫–∞–µ—É–≥–∞–µ –∫–∞–µ–Ω—ã—Å üòÖ,0
–ú–∏–¥√¶–≥√¶–π –º–∞—Ä–¥,0
–¢–∞–µ—Ö—É–¥—ã –º–∞–µ –π–∞–µ –∞–µ–∑ –¥–∞–µ—Ä –∏—Å–∫—É—ã –∫—É—ã —Å—Å–∞—Ä–∏–Ω üòî,0
–¢—ã–Ω–≥ —Ö–æ—Ä–∑ —Ö–∞–±–∞—Ä!!!,0
–¶—ã –∑–∞—Ä–¥–∏–∞–≥ —Ö—É–¥—Ç –∫–∞–Ω—ã. üòäüòçüòçüòç,0
"–ê–ª—á–∏ –¥–∞–µ—Ä –Ω–∞–µ –±–∞–µ–ª–ª—ã —É—ã–º–∞–µ,—Ñ–∞–µ–ª–∞ –∞–∑–º–∞–ª—ã–Ω –Ω–∞–µ —Ñ–∞–µ—Ä–∞–∑–∞–µ–º",0
"—Ü—ã √¶–Ω—Ö—ä√¶–ª–∞–π, —É—ã–π —É—ã–¥–∑—ã–Ω√¶",0
–∞–π —É–∞ —Å—ã–¥–∑—ã) –•—É–¥–∞–≥ —É,0
"–º”ï–Ω”ï–Ω –∏—É –¥”ï—Ä, ”ï–º”ï –∏–Ω–Ω”ï –¥”ï—Ä –º”ï –∑”ï—Ä–¥”ï–º”ï –Ω”ï —Ü”ï—É—ã–Ω—Ü",0
–¢—ã–Ω–≥ –∞—Ä√¶—Ö —É–¥—ã–≥√¶—Å—Ç—ã —Ö—Å√¶–Ω –Ω√¶ –≤√¶–π–π—ã–Ω—Ü,0
–ê–º–æ–Ω–¥—ã —Ü—É—Ä —Ñ—Å–∞–µ–π–Ω–∞–≥ –Ω–∏—Ü—ã —É ),0
–ö–∞–º–∞–Ω –∫—É—ã–¥...,0
"–ö√¶–∏–º√¶ –¥–∑—É—Ä—ã, –•—É—Ä–∏–º√¶? üòÑ",0
–¢—ã–Ω–≥ —Ä–∞—Å—Ç!!!!,0
–ö—É—ã–¥ –±–∏—Ä–∞–µ –Ω—ã—Ö–∞–µ—Å—Ç–∞–µ –∫–æ–¥—Ç–∞—Ç üòÇ,0
√Ü—Ä—Ä–∞ —Ñ—ã–π–π–∞—É –¥√¶—Ä –∞—Ñ—Ç√¶ —Ö—ä—É—ã–¥—ã –∫–æ–¥—Ç–∞,0
"–ê–ª—Ü—ã –¥√¶—Ä —Ö–æ—Ä–∑ —É√¶—Ç, —Ñ√¶–ª√¶ –º–∞ –º—ã–Ω —É—ã—Ü—ã ""–ù√¶ —Ä√¶—Å—Ç√¶–¥–∂—ã —Ö—ä–∞–π—Ç–∞—Ä√¶–π"" –∏—Å—á–∏ –∏—Ä√¶—Ç—Ç√¶–Ω —Ü—ã —Å–∞–ª√¶–º—Ç—Ç√¶ –¥√¶—Ç—Ç—ã —É—ã–¥–æ–Ω —Ä–∞—Ç√¶–ª–º–∞—Ü –∫√¶–Ω√¶—Ç. –ë–µ–ª–µ–µ—Ç, –≥—Ä—Ç, –ø–∞—Ä—É—Å –æ–¥–∏–Ω–æ–∫√¶–π ,..–Ω—É, –Ω—É!",0
–ú√¶ –±–æ–Ω –Ω√¶—É —É—ã—Ü—ã —Ö–∞–ª√¶–≥ –º—É–ª—å—Ç–∏–∫√¶–π. –°–º–µ—à–∞—Ä–∏–∫—Ç√¶ –¥–∑√¶–≤–≥–∞—Ä —Ö—É—ã–∑–¥√¶—Ä —Å—Ç—ã.,2
–ë√¶–¥√¶–π–Ω–∞–≥ —á—ã–∑–≥!,0
–ò—Ä—ã—Å—Ç–æ–Ω—ã —Ö—É—Ä –º–∞–∫—É—ã –∞—Ö—É—ã—Å—Å–∞–µ–¥‚úä,0
–ê—Ü—ã —á–∏–Ω—ã–≥ –º–∞–º –®–∞–º–∏–ª–∞–π –±–∞–∑–∑–∞–¥ –∞–º–∞ –º—ã–Ω —Ç—ã–Ω–≥ –∑—ã–Ω–∞—Ä–≥—ä —É,0
"√Ü–≤√¶—Ü—Ü√¶–≥√¶–Ω, –π√¶—Ö–∏ –∑√¶—Ä–¥√¶–º√¶ —Ç—ã–Ω–≥ —Ü—ã–¥, √¶–Ω–¥√¶—Ä–∞-–º–∞ –π—ã–ª –Ω–æ–≥√¶–π —Ü√¶–º√¶–Ω –∫—É—ã—Å—Ç–∞",1
–ù–∞–µ —Ñ—ã–¥–∞–µ–ª—Ç–∞–µ–º –∞–µ–º–±–∏—Å–æ–Ω–¥ —É—ã–¥–∏ ¬´–º–∏—Ç –¥–∞–µ—Ä —Ä–∞–µ—Å—É–≥—ä–¥ —É —Ñ–∞–µ–ª–∞–µ –π—ã–ª –∑—ã–º–∞–µ–≥ –∫—ä–∞–µ—Ö—Ç–∞–µ —Å–∏–π—ã–Ω—Ü ¬ª‚òùÔ∏èüòÇ,1
"–¶—ã –ø–∞–π–¥–∞ —É, –¥—ã—É—É√¶–π√¶ —Ü—ä—ã—Ñ—ã —Ö—É—ã—Å—Å–∞–¥",0
–ü–∞–ª—å–º–∞ - –∞—Ö”ï–º... –∑”ï—Ä–¥”ï–º”ï —Ü”ï—É–≥”ï —Ü—ã–±—ã—Ä —Ñ—ã–ª—å–º,1
–¶–∞—Ä–¥.,0
—Å–æ–º–±–æ–Ω—ã –Ω—ã—Ñ—Å),0
"–ë–∞–π—Ä–∞–π—É—Ç. –ù–∞—Ä—Ç—ã –ö–∞–¥–¥–∂—ã—Ç—ã 7 —Ç–æ–º—ã —É–∞–µ–º –∏—Å? –ö–∞–¥–¥–∂—ã—Ç–∞–µ –∏—É—É—ã–ª–¥–∞–µ—Ä –∫–∞–µ–º —Å—Ç—ã, —É—ã–¥–æ–Ω",0
–§–∞–µ—Å—Ç–∞–≥-–º–∞–µ —Ö–∞–±–∞—Ä –∞—Ö–∏—Ü–∞–Ω' —Å–∞–µ —Ö—ä–∞–±–∞—Ä —É–∞—Ä–∑—Ç–∞–µ–π',0
"–¶—ã –ø–∞–π–¥–∞ —É, –¥—ã—É—É√¶–π√¶ —Ü—ä—ã—Ñ—ã —Ö—É—ã—Å—Å–∞–¥",0
–¢—ã–Ω–≥ —É–∞–∑–∞–ª......,0
–£√¶–¥√¶ –º–∞ –ê—Ñ—Ä–∏–∫–∞–π—ã —Ä–∞–π–≥—É—ã—Ä–∏—ÅüòÇ,1
"–•—É—ã—Ü–∞—É –∑√¶–≥—ä√¶—Ç √¶–º√¶ –∞–ª—ã –∞–¥√¶–π–º–∞–≥ –¥√¶—Ä —Ü–∞—Ä—ã –π–∞—Ö–∏ –∞–¥√¶–π–º–∞–¥–∂—ã —Å–∞—Ä√¶—Ç, —Ü√¶–º√¶–π –π—ã–Ω –∞—Ö√¶–º –Ω—ã—Ö√¶—Å—Ç√¶ –∑√¶–≥—ä–∞üôèü§óüòä",0
"....–∑√¶–≥—ä—ã–Ω—Ü –∏—Å,—Ñ√¶–ª√¶ –¥–∞–º –±–∞–±—ã—Ö—Å—ã–Ω —Ö—ä√¶—É—ã –∏—É –≥—ã—Ü—Ü—ã–ª....",0
"√Ü—Ö—Å–∞—Ä √¶–º√¶ –ì–µ–æ—Ä —Å—Ç—ã, √¶–Ω√¶ —Ñ–∞—Ä—Å—Ç—ã –Ω—ã—Å–∞–Ω√¶–π))",0
–•—É–¥–∞–≥ –Ω–∞—É,0
"–ö–∞—Ä—Å–∞–Ω–∞—Ç—ã –ë–∏–º–±–æ–ª–∞—Ç —É—ã–¥ –∏—Ä–æ–Ω–∞–≤–∑–∞–≥–∏—Ä—Ç–∞—Å–∞–≥, –∞—Ö—É—ã—Ä–≥–∞–Ω–∞–≥ –∞–º–∞ –∞—Ö—É—ã—Ä–≥–æ–Ω–¥. –¶–ò–ü–£-–π—ã –∏—Ä–æ–Ω —Ñ–∏–ª–æ–ª–æ–≥–∏–π—ã —Ñ–∞–∫—É–ª—å–µ—Ç—ã –±—ã–Ω–¥—É—Ä–∞–≤–∞—Ä–¥–∂—ã—Ç–∞–π –∏—É.",2
–¢—ã–Ω–≥ —Ö–æ—Ä–∑ —á–∏–Ω—ã–≥! –ù√¶ —Ñ–∏–¥√¶–Ω —Ñ–∏–¥–∞—Ä –∫—ä—É—Ö—Ç—ã –∏—Å a—Ö√¶–º –∫√¶—Å—Ç√¶—Ä–∏–º√¶‚ù§‚ù§‚ù§!!!,0
—É—ã–¥—ã—Å—Ç—ã(,0
–¶–∞—Ä–¥.,0
"–ë—É–∑–Ω—ã–≥ –¥—ã–Ω, ”ï—Å—Ç—ã—Ä –±—É–∑–Ω—ã–≥! ”î—Ä—Ç”ï–∫–∫”ï –∞—Ñ”ï–ª–≤–∞—Ä–æ–Ω.",0
–ê–≥—ä–¥–∞—É—Ö–∞–ª–∞–≥!,0
–¢–∞–≥—ä–¥ —á–∏ –∫–æ–¥—Ç—ã —É—ã–π—ã —Å–∞–±—ã—Ä–≥–∞–π –∞—Ö–∞—Å—Ç–æ–π,0
–†–∞—Å—Ç –¥√¶!,0
"–¶—ã –ª√¶–≥—Ç√¶ —É—ã–¥—ã—Å—Ç—ã... –ï—Ö—Ö, √¶–≤√¶–¥–∑–∞",0
"–£–∞—Ä–∑–≥√¶ –¥√¶ —É—Å—ã –∫√¶–Ω, –¥√¶,, —Ñ—ã–¥√¶–±–æ–Ω"" –∏–º√¶ —Ç–∞ —Ç–æ—Ö –º–∞ –∫√¶–Ω, √¶–º√¶ –¥—ã–Ω —É√¶–¥, —á–∏–∑–æ–Ω—ã, —Ñ–µ–Ω—Ü–æ–Ω–¥√¶—Ä —É–∞üòä",0
–ó–∞–º–∞–Ω–∞–π—ã —Ö–∞–±–∞—Ä,0
–ö√¶–Ω√¶ –ø–∏—Ü—Ü–∞–π—ã —Ö—É—ã–∑√¶–Ω,1
–ú–∞—Ö –¥√¶—Ä –¥√¶ —É–∞—Ä–∑√¶–ºüòä,0
–ö–æ–∫–∞–π—Ç—ã –¢–æ—Ç—Ä–∞–¥–∑üòä,0
"[id329248491|–¢–æ—Ç—Ä–∞–∑], √Ü–Ω√¶–º√¶–Ω–≥√¶–π. –¢—ã–Ω–≥ —Ö–æ—Ä–∑ —É–∞–∏–¥",0
"–£”ï —Å–∞–ª–∞–º –±–µ—Ä–∞! –§–∏—Ü—Ü–∞–≥ –∫–∏–Ω—É–≥”ï —Ç–∞–≥—ä–¥ –±–∞–∫–∞—Å—Ç–∞–Ω, ”ï–º”ï –¥—É–∫–∫–∞–≥ –∞–≥—É—Ä–¥—Ç–æ–Ω!",0
140 –ª–∞–≥–∞–π –π–∞ –ñ–∏–≥—É–ª–∏ –Ω–∞–ª —à–∞—É—ã,1
"""–ó—ã–º√¶–≥ –Ω√¶ —Ö√¶—Ö—Ç—ã —Ü—É—Ö –Ω√¶ —É–∞–¥–∑—ã, ‚Äì
–õ√¶–¥–∂—ã √¶–º–±√¶—Ä—Ü √¶—Ä—É–∞—Ä—ã –º–∏—Ç;
√Ü—Ñ—Ü√¶–≥√¶–π –∫–æ–º–º√¶ —É–∞–¥ –¥–∑—ã–Ω–∞–∑—ã;
–ò—Ö –¥–æ–Ω—ã–ª —Å–∞—Ä–∞–∑—ã –π√¶ —Ö–∏–¥.""",0
√Ü–º√¶ –º√¶–≥—É—ã—Ä –π√¶ –±–æ–Ω —É—ã–¥–∑√¶–Ω —Ç–µ–ª–µ—Ñ–æ–Ω√¶–Ω,0
–¢—ã–Ω–≥ —Ä–∞—Å—Ç!!!!,0
"[id329248491|–¢–æ—Ç—Ä–∞–∑], √Ü–Ω√¶–º√¶–Ω–≥√¶–π. –¢—ã–Ω–≥ —Ö–æ—Ä–∑ —É–∞–∏–¥",0
"–ë—É–∑–Ω—ã–≥! –¶—ã–º—ã–¥–∏—Å”ï–π –±–∞–π—Ö—ä—É—ã—Å—Ç–æ–Ω, ”ï—Ö—Å—ã–∑–≥–æ–Ω –º—ã–Ω —É—ã–¥–∏!",0
–ú–∞—Ö –¥√¶—Ä –¥√¶ —É–∞—Ä–∑√¶–ºüòä,0
[club107115351|z√¶rvatkk inc.] –ô”ï —Ö–æ—Ä–∑”ï—Ö –¥”ï —É”ï–¥. –ë—É–∑–Ω—ã–≥ –¥—ã–Ω –¥”ï –∞—Ä—Ö–∞–π–¥”ï–Ω.,0
–•√¶–¥—Ç—É–ª–≥√¶ - –º–∞—à–∏–Ω–∞ .,1
–ê—Ö”ï–º –Ω—ã–≤–º”ï –≥—ã—Ü—Ü—ã–ª —Ñ”ï–ª–º”ï–Ω–¥”ï—Ä –Ω—ã—Ö”ï—Å—Ç”ï –Ω—ã—Ñ—Ñ—ã—Å”ï–Ω —É—ã–¥.,0
–•—É—ã—Ç√¶ –º√¶ —Å√¶–≥—ä—Ç√¶ –Ω√¶ —Ö–∏–∑–¥–∑—ã—Å—Ç—ã?,0